"exercise_id","exercise_name","exercise_type","tactical_objective","physical_objective","pitch_length_m","pitch_width_m","pitch_area_m2","area_per_player_m2","players_total","players_per_team","neutral_players","duration_min","repetitions","rest_min","touches_limit","offside_rule","transition_rule","scoring_condition","sprint_profile","acceleration_profile","intensity_profile","recommended_md_day","description_short"
"EX001","SSG_3v3_20x15_Pressing","small_sided_game","pressing","high_intensity_conditioning","20","15","300","50","6","3","0","6","4","2","2","no","immediate","standard","low","very_high","very_high","MD4","Compact SSG focused on pressing triggers and immediate recovery. Very high acceleration demand."
"EX002","SSG_4v4_25x20_Transition","small_sided_game","transition","mixed_conditioning","25","20","500","62","8","4","0","7","3","2","2","no","immediate","standard","moderate","high","high","MD4","4v4 with immediate transition. Balanced sprint and acceleration load. Core MD4 drill."
"EX003","SSG_5v5_30x25_Possession","small_sided_game","possession","aerobic_conditioning","30","25","750","75","10","5","0","8","3","2","3","no","delayed","possession_based","low","high","high","MD3","5v5 possession focus. High acceleration and moderate HSR. Aerobic development via continuity."
"EX004","SSG_5v5_30x25_Transition","small_sided_game","transition","mixed_conditioning","30","25","750","75","10","5","0","7","3","2","2","no","immediate","standard","moderate","high","high","MD3","Transition-based 5v5. Higher sprint exposure than possession version. MD3 staple."
"EX005","SSG_6v6_35x30_Pressing","small_sided_game","pressing","high_intensity_conditioning","35","30","1050","87","12","6","0","8","3","2","2","no","immediate","standard","moderate","high","high","MD4","Larger SSG with pressing structure. More HSR than 3v3 due to pitch size."
"EX006","Rondo_4v2_10x10","rondo","possession","technical_conditioning","10","10","100","17","6","4","2","6","5","1","unlimited","no","none","possession_based","very_low","very_low","low","MD1","Classic rondo. Very low physical output. Technical and cognitive load dominant. MD1 activation."
"EX007","Rondo_6v2_15x15","rondo","possession","technical_conditioning","15","15","225","28","8","6","2","7","4","1","unlimited","no","none","possession_based","very_low","very_low","low","MD1","Wider rondo with 6 defenders. Still low physical load. Good for activation and ball circulation."
"EX008","Rondo_6v3_20x15","rondo","possession","aerobic_conditioning","20","15","300","33","9","6","3","8","3","1","unlimited","no","none","possession_based","low","low","low_moderate","MD2","Larger rondo 6v3. Slightly more movement demand. Light aerobic stimulus."
"EX009","Rondo_8v3_25x20_Directional","rondo","possession_with_direction","aerobic_conditioning","25","20","500","45","11","8","3","10","3","1","3","no","directional","possession_based","low","moderate","moderate","MD2","Directional rondo with numerical advantage. Moderate movement and decision-making."
"EX010","LargeGame_8v8_60x40_Possession","large_sided_game","possession","aerobic_conditioning","60","40","2400","150","16","8","0","12","2","3","3","yes","delayed","possession_based","moderate","moderate","moderate","MD3","Large possession game. Significant HSR and sprint exposure from pitch size. Aerobic base."
"EX011","LargeGame_9v9_65x45_Transition","large_sided_game","transition","aerobic_conditioning","65","45","2925","162","18","9","0","12","2","3","2","yes","immediate","standard","high","moderate","high","MD3","9v9 with transitions on large pitch. High sprint exposure. Good MD3 conditioning."
"EX012","LargeGame_10v10_70x50_Open","large_sided_game","possession_and_transition","aerobic_conditioning","70","50","3500","175","20","10","0","15","2","3","unlimited","yes","immediate","standard","high","moderate","high","MD2","Open 10v10. Closest to match conditions. High sprint and HSR volumes."
"EX013","LargeGame_8v8_60x40_Pressing","large_sided_game","pressing","high_intensity_conditioning","60","40","2400","150","16","8","0","10","2","3","2","yes","immediate","standard","moderate","high","high","MD4","8v8 with pressing triggers on large pitch. High acceleration and sprint combination."
"EX014","Flying_Sprint_30m","sprint_drill","none","speed_development","30","5","150","15","10","0","0","1","8","3","unlimited","no","none","none","very_high","low","very_high","MD2","Flying sprint over 30m. Peak speed exposure. Very high sprint distance and max speed percent."
"EX015","Flying_Sprint_20m","sprint_drill","none","speed_development","20","5","100","10","10","0","0","1","10","3","unlimited","no","none","none","very_high","low","very_high","MD2","Short flying sprint. Maximum speed stimulus in compact format. Speed maintenance work."
"EX016","Accel_Sprint_10m_x8","sprint_drill","none","acceleration_development","15","5","75","8","10","0","0","1","8","2","unlimited","no","none","none","low","very_high","high","MD3","Short acceleration sprints from standing. Peak acceleration stimulus. Low max speed exposure."
"EX017","Accel_Sprint_15m_x6","sprint_drill","none","acceleration_development","20","5","100","10","10","0","0","1","6","2","unlimited","no","none","none","moderate","very_high","high","MD3","15m acceleration sprint. Higher velocity reached than 10m. Mixed accel and speed stimulus."
"EX018","Transition_Sprint_40m","sprint_drill","transition","speed_development","40","8","320","32","10","0","0","1","6","3","unlimited","no","none","none","very_high","moderate","very_high","MD2","40m sprint after direction change. Combined acceleration and max speed. High sprint distance per rep."
"EX019","Finishing_4v3_25x20","finishing_drill","attacking","mixed_conditioning","25","20","500","71","7","0","0","6","6","2","unlimited","yes","immediate","goal_based","moderate","high","moderate","MD2","4v3 finishing drill. Moderate sprint and acceleration. High cognitive and tactical load."
"EX020","Finishing_5v4_30x25","finishing_drill","attacking","mixed_conditioning","30","25","750","83","9","0","0","7","5","2","unlimited","yes","immediate","goal_based","moderate","high","moderate","MD2","5v4 attacking overload. Slightly more physical than 4v3. Good MD2 stimulus."
"EX021","PressingGame_5v5_30x25_High","pressing_drill","pressing","high_intensity_conditioning","30","25","750","75","10","5","0","6","4","2","2","no","immediate","pressing_based","moderate","very_high","very_high","MD4","High pressing game. Maximum acceleration demand. Low sprint but very high intensity."
"EX022","PressingGame_6v6_35x30_Mid","pressing_drill","pressing","high_intensity_conditioning","35","30","1050","87","12","6","0","8","3","2","2","no","immediate","pressing_based","moderate","high","high","MD4","Mid-block pressing. Slightly more space than high press. Higher HSR exposure."
"EX023","Activation_Passing_8v0","activation_drill","technical","activation","20","15","300","37","8","0","0","10","2","1","2","no","none","passing_sequence","very_low","very_low","very_low","MD1","Structured passing activation drill. Very low load. Used for MD+1 or MD-1 contexts."
"EX024","Activation_Positional_10v0","activation_drill","technical","activation","30","20","600","60","10","0","0","12","1","1","unlimited","no","none","none","very_low","very_low","very_low","MD1","Positional shadow play without opposition. Technical activation only. No physical stress."
"EX025","Recovery_Game_5v5_40x35","recovery_drill","possession","recovery","40","35","1400","140","10","5","0","10","1","3","unlimited","no","none","possession_based","very_low","very_low","very_low","MD_plus1","Low intensity possession game on large pitch. Post-match regeneration. Very low all metrics."
"EX026","Recovery_Walk_Jog_Circuit","recovery_drill","none","recovery","50","30","1500","100","15","0","0","15","1","0","unlimited","no","none","none","very_low","very_low","very_low","MD_plus1","Walk-jog recovery circuit with ball. Flush fatigue. Minimal cardiovascular demand."
"EX027","Possession_6v6_40x30_Neutral","possession_game","possession","aerobic_conditioning","40","30","1200","86","14","6","2","10","2","2","3","no","delayed","possession_based","moderate","moderate","moderate","MD3","6v6 possession with 2 neutrals. Balanced aerobic stimulus and tactical work."
"EX028","Possession_8v8_50x35_Neutral","possession_game","possession","aerobic_conditioning","50","35","1750","97","18","8","2","12","2","2","3","yes","delayed","possession_based","moderate","moderate","moderate","MD2","8v8 possession with 2 neutrals on large pitch. High aerobic volume with moderate intensity."
"EX029","Transition_5v5_35x30_Counter","transition_game","transition","mixed_conditioning","35","30","1050","105","10","5","0","8","3","2","unlimited","no","immediate","counter_attack","high","high","high","MD3","5v5 with counter-attack trigger. High sprint and acceleration. Tactically specific."
"EX030","Transition_6v6_40x35_Wide","transition_game","transition","mixed_conditioning","40","35","1400","117","12","6","0","8","3","2","unlimited","no","immediate","counter_attack","high","moderate","high","MD3","6v6 wide transition. More pitch coverage equals higher sprint volumes. Good MD3 intensity."
"EX031","Shadow_Play_11v0_Shape","activation_drill","tactical","activation","68","45","3060","278","11","0","0","15","2","1","unlimited","yes","none","tactical","very_low","very_low","very_low","MD1","Full team shadow play. Purely tactical. Negligible physical output."
"EX032","Setpiece_Attack_Corners","finishing_drill","set_pieces","technical","25","20","500","42","12","0","0","10","3","1","unlimited","yes","none","goal_based","very_low","low","low","MD1","Corner kick set piece rehearsal. Low physical output. Technical and tactical focus."
"EX033","SSG_4v4_20x15_Regen","small_sided_game","possession","recovery","20","15","300","50","8","4","0","6","3","3","unlimited","no","delayed","possession_based","very_low","low","very_low","MD_plus1","Regeneration SSG. Small touches and no pressing. Very low all metrics."
"EX034","Hybrid_8v8_55x40_Pressing","large_sided_game","pressing","high_intensity_conditioning","55","40","2200","138","16","8","0","10","2","3","2","yes","immediate","pressing_based","high","high","very_high","MD4","Hybrid pressing on large pitch. Combines sprint and acceleration demands. Elite MD4 drill."
"EX035","Speed_Endurance_60m_x4","sprint_drill","none","speed_endurance","60","5","300","30","10","0","0","1","4","4","unlimited","no","none","none","very_high","moderate","very_high","MD2","Speed endurance runs over 60m. Maximum sprint distance exposure. High metabolic cost."
"EX036","Accel_Change_Direction_15m","sprint_drill","none","acceleration_development","20","10","200","20","10","0","0","1","8","2","unlimited","no","none","none","moderate","very_high","high","MD3","Change of direction acceleration drill. Very high deceleration demand combined with re-acceleration."
"EX037","Possession_4v4_2Neutral_25x20","possession_game","possession","aerobic_conditioning","25","20","500","71","10","4","2","8","3","2","3","no","delayed","possession_based","low","high","moderate","MD3","4v4 with 2 neutrals. Compact possession with high ball-oriented movement."
"EX038","PressingTrap_6v4_35x25","pressing_drill","pressing","high_intensity_conditioning","35","25","875","88","10","6","4","8","3","2","2","no","immediate","pressing_based","moderate","very_high","very_high","MD4","6v4 pressing trap drill with numerical imbalance. Extreme acceleration demand."
